<?xml version="1.0" encoding="UTF-8"?>
<!DOCTYPE mapper PUBLIC "-//mybatis.org//DTD Mapper 3.0//EN" "http://mybatis.org/dtd/mybatis-3-mapper.dtd">
<mapper namespace="com.itwill.transaction.spring.EmployeeMapper">
	<insert id="insert"
		parameterType="com.itwill.transaction.spring.Employee">
		INSERT INTO employee (id,name, email, phone) VALUES
		(employee_id_seq.nextval,#{name}, #{email}, #{phone})
	</insert>
	<update id="update"
		parameterType="com.itwill.transaction.spring.Employee">
		UPDATE employee SET name = #{name},
		phone = #{phone},
		email = #{email}
		WHERE id = #{id}
	</update>
	<delete id="delete" parameterType="int">
		DELETE FROM employee WHERE id
		= #{id};
	</delete>
	<select id="list"
		resultType="com.itwill.transaction.spring.Employee">
		SELECT id, name, email, phone, salary
		FROM employee ORDER BY id DESC
	</select>
	<select id="detail"
		resultType="com.itwill.transaction.spring.Employee">
		SELECT id, name, email, phone, salary
		FROM employee WHERE id = #{id}
	</select>
	<update id="increaseSalary" parameterType="map">
		UPDATE employee SET salary = (salary + #{amount}) WHERE id = #{id}
	</update>
</mapper>